name,window.start,window.end,minutes,cpuCores,cpuCoreRequestAverage,cpuCoreUsageAverage,cpuCoreHours,cpuCost,cpuCostAdjustment,cpuEfficiency,gpuCount,gpuHours,gpuCost,gpuCostAdjustment,networkTransferBytes,networkReceiveBytes,networkCost,networkCostAdjustment,loadBalancerCost,loadBalancerCostAdjustment,pvBytes,pvByteHours,pvCost,pvs,pvCostAdjustment,ramBytes,ramByteRequestAverage,ramByteUsageAverage,ramByteHours,ramCost,ramCostAdjustment,ramEfficiency,sharedCost,externalCost,totalCost,totalEfficiency,rawAllocationOnly,properties.cluster,properties.container,properties.namespace,properties.pod,properties.node,properties.controller,properties.controllerKind,properties.providerID
__idle__,2022-07-09T00:00:00Z,2022-07-10T00:00:00Z,1440.0,0.0,0.0,0.0,0.0,-0.035919,0.0,0.0,0.0,0.0,0.0,0.0,0.0,0.0,0.0,0.0,0.0,0.0,0.0,0.0,0.0,,0.0,0.0,0.0,0.0,0.0,4.023322,0.0,0.0,0.0,0.0,3.987403,0.0,,cluster-two,,,,,,,
__unmounted__,2022-07-09T00:00:00Z,2022-07-10T00:00:00Z,1440.0,0.0,0.0,0.0,0.0,0.0,0.0,0.0,0.0,0.0,0.0,0.0,0.0,0.0,0.0,0.0,0.0,0.0,0.0,0.0,0.0,,0.0,0.0,0.0,0.0,0.0,0.0,0.0,0.0,0.0,0.0,0.0,0.0,,cluster-two,__unmounted__,__unmounted__,__unmounted__,,,,
aws-node-58qk4,2022-07-09T00:00:00Z,2022-07-10T00:00:00Z,1440.0,0.025,0.025,0.003354,0.6,0.01902,-0.0,0.134161,0.0,0.0,0.0,0.0,96884594760.0327,97104078125.53136,0.00074,0.123568,0.0,0.0,0.0,0.0,0.0,,0.0,46104787.911111,0.0,46754963.911111,1106514909.866667,0.004379,-0.0,1.0,0.0,0.0,0.147706,0.296189,,cluster-two,aws-node,kube-system,aws-node-58qk4,ip-192-168-128-109.us-west-2.compute.internal,aws-node,daemonset,i-0b950d88c27dbfbe5
aws-node-6zqpp,2022-07-09T00:00:00Z,2022-07-10T00:00:00Z,1440.0,0.025,0.025,0.003434,0.6,0.01902,-0.0,0.137365,0.0,0.0,0.0,0.0,67312664339.38447,67093207490.10239,0.000735,0.099849,0.0,0.0,0.0,0.0,0.0,,0.0,43449388.088889,0.0,47024386.844444,1042785314.133333,0.004126,-0.0,1.0,0.0,0.0,0.12373,0.291153,,cluster-two,aws-node,kube-system,aws-node-6zqpp,ip-192-168-144-20.us-west-2.compute.internal,aws-node,daemonset,i-02c1f70d488b79374
aws-node-8prm8,2022-07-09T00:00:00Z,2022-07-10T00:00:00Z,1440.0,0.025,0.025,0.003426,0.6,0.019089,1e-06,0.137047,0.0,0.0,0.0,0.0,47742552974.40841,47683677658.09989,0.000737,0.057949,0.0,0.0,0.0,0.0,0.0,,0.0,43075707.733333,0.0,46984795.022222,1033816985.6,0.004105,0.0,1.0,0.0,0.0,0.081881,0.289791,,cluster-two,aws-node,kube-system,aws-node-8prm8,ip-192-168-166-7.us-west-2.compute.internal,aws-node,daemonset,i-0406c6f0eae2396f6
aws-node-bh67s,2022-07-09T00:00:00Z,2022-07-10T00:00:00Z,1440.0,0.025,0.025,0.003413,0.6,0.01902,-0.0,0.136505,0.0,0.0,0.0,0.0,102047886824.51736,101680347353.08662,0.000736,0.179123,0.0,0.0,0.0,0.0,0.0,,0.0,43235743.288889,0.0,46564700.74438,1037657838.933333,0.004106,-0.0,1.0,0.0,0.0,0.202984,0.289824,,cluster-two,aws-node,kube-system,aws-node-bh67s,ip-192-168-189-15.us-west-2.compute.internal,aws-node,daemonset,i-00eaf02d1e05d532a
aws-node-tsfnv,2022-07-09T00:00:00Z,2022-07-10T00:00:00Z,1440.0,0.025,0.025,0.003466,0.6,0.019089,1e-06,0.138621,0.0,0.0,0.0,0.0,53386744438.717896,53984410574.14892,0.000737,0.097225,0.0,0.0,0.0,0.0,0.0,,0.0,43239877.688889,0.0,46545262.07265,1037757064.533333,0.004121,0.0,1.0,0.0,0.0,0.121173,0.291564,,cluster-two,aws-node,kube-system,aws-node-tsfnv,ip-192-168-121-107.us-west-2.compute.internal,aws-node,daemonset,i-00868067998526003
aws-node-zjz9m,2022-07-09T00:00:00Z,2022-07-10T00:00:00Z,1440.0,0.025,0.025,0.003298,0.6,0.019089,1e-06,0.131919,0.0,0.0,0.0,0.0,45699129186.1727,44745935993.96532,0.000737,0.077206,0.0,0.0,0.0,0.0,0.0,,0.0,45749505.422222,0.0,46736062.577778,1097988130.133333,0.00436,0.0,1.0,0.0,0.0,0.101393,0.293335,,cluster-two,aws-node,kube-system,aws-node-zjz9m,ip-192-168-121-154.us-west-2.compute.internal,aws-node,daemonset,i-0d68f38a5d45f95cb
awscli,2022-07-09T00:00:00Z,2022-07-10T00:00:00Z,1440.0,0.0,0.0,0.0,0.0,0.0,0.0,0.0,0.0,0.0,0.0,0.0,0.0,0.0,0.0,0.0,0.0,0.0,0.0,0.0,0.0,,0.0,4338949.688889,0.0,4501504.0,104134792.533333,0.000414,0.0,1.0,0.0,0.0,0.000414,1.0,,cluster-two,awscli,kubecost,awscli,ip-192-168-121-154.us-west-2.compute.internal,,,i-0d68f38a5d45f95cb
carts-85c7bb8997-2lwdj,2022-07-09T00:00:00Z,2022-07-10T00:00:00Z,1440.0,0.1,0.1,0.007097,2.4,0.07608,-2e-06,0.070973,0.0,0.0,0.0,0.0,701039770.721547,604897774.337749,0.0,0.0,0.0,0.0,0.0,0.0,0.0,,0.0,524288000.0,524288000.0,322747386.311111,12582912000.0,0.049793,-1e-06,0.615592,0.0,0.0,0.12587,0.286414,,cluster-two,carts,tenant-2,carts-85c7bb8997-2lwdj,ip-192-168-128-109.us-west-2.compute.internal,carts,deployment,i-0b950d88c27dbfbe5
carts-85c7bb8997-78rsw,2022-07-09T00:00:00Z,2022-07-10T00:00:00Z,1440.0,0.1,0.1,0.007242,2.4,0.076356,2e-06,0.072419,0.0,0.0,0.0,0.0,666545829.407919,579122735.379208,0.0,0.0,0.0,0.0,0.0,0.0,0.0,,0.0,524288000.0,524288000.0,329933129.474237,12582912000.0,0.049969,1e-06,0.629298,0.0,0.0,0.126328,0.292696,,cluster-two,carts,tenant-2,carts-85c7bb8997-78rsw,ip-192-168-121-107.us-west-2.compute.internal,carts,deployment,i-00868067998526003
carts-85c7bb8997-bzz2w,2022-07-09T00:00:00Z,2022-07-10T00:00:00Z,1440.0,0.1,0.1,0.007597,2.4,0.07608,-2e-06,0.075968,0.0,0.0,0.0,0.0,680554727.935109,575822454.823965,0.0,0.0,0.0,0.0,0.0,0.0,0.0,,0.0,524288000.0,524288000.0,323192900.266667,12582912000.0,0.049793,-1e-06,0.616442,0.0,0.0,0.12587,0.289769,,cluster-two,carts,tenant-2,carts-85c7bb8997-bzz2w,ip-192-168-144-20.us-west-2.compute.internal,carts,deployment,i-02c1f70d488b79374
carts-85c7bb8997-d7tk5,2022-07-09T00:00:00Z,2022-07-10T00:00:00Z,1440.0,0.1,0.1,0.007303,2.4,0.076356,2e-06,0.073034,0.0,0.0,0.0,0.0,673991380.874855,595382438.887211,0.0,0.0,0.0,0.0,0.0,0.0,0.0,,0.0,524288000.0,524288000.0,323527698.493236,12582912000.0,0.049969,1e-06,0.61708,0.0,0.0,0.126328,0.288236,,cluster-two,carts,tenant-2,carts-85c7bb8997-d7tk5,ip-192-168-166-7.us-west-2.compute.internal,carts,deployment,i-0406c6f0eae2396f6
carts-85c7bb8997-gczrs,2022-07-09T00:00:00Z,2022-07-10T00:00:00Z,1440.0,0.1,0.1,0.015934,2.4,0.076356,2e-06,0.159336,0.0,0.0,0.0,0.0,1645617843.799668,1457694092.794955,0.0,0.0,0.0,0.0,0.0,0.0,0.0,,0.0,524288000.0,524288000.0,320305948.444444,12582912000.0,0.049969,1e-06,0.610935,0.0,0.0,0.126328,0.33797,,cluster-two,carts,tenant-1,carts-85c7bb8997-gczrs,ip-192-168-166-7.us-west-2.compute.internal,carts,deployment,i-0406c6f0eae2396f6
carts-85c7bb8997-hd45l,2022-07-09T00:00:00Z,2022-07-10T00:00:00Z,1440.0,0.1,0.1,0.007144,2.4,0.07608,-2e-06,0.071444,0.0,0.0,0.0,0.0,665179479.370636,578989180.089286,0.0,0.0,0.0,0.0,0.0,0.0,0.0,,0.0,524288000.0,524288000.0,320414298.691068,12582912000.0,0.049793,-1e-06,0.611142,0.0,0.0,0.12587,0.284938,,cluster-two,carts,tenant-2,carts-85c7bb8997-hd45l,ip-192-168-189-15.us-west-2.compute.internal,carts,deployment,i-00eaf02d1e05d532a
carts-85c7bb8997-hhg58,2022-07-09T00:00:00Z,2022-07-10T00:00:00Z,1440.0,0.1,0.1,0.000815,2.4,0.07608,-2e-06,0.008155,0.0,0.0,0.0,0.0,13358799.900481,4334283.702972,0.0,0.0,0.0,0.0,0.0,0.0,0.0,,0.0,524288000.0,524288000.0,307016527.644444,12582912000.0,0.049793,-1e-06,0.585588,0.0,0.0,0.12587,0.236576,,cluster-two,carts,tenant-3,carts-85c7bb8997-hhg58,ip-192-168-144-20.us-west-2.compute.internal,carts,deployment,i-02c1f70d488b79374
carts-85c7bb8997-jg8gk,2022-07-09T00:00:00Z,2022-07-10T00:00:00Z,1440.0,0.1,0.1,0.000858,2.4,0.076356,2e-06,0.008583,0.0,0.0,0.0,0.0,13305951.437104,4310214.371413,0.0,0.0,0.0,0.0,0.0,0.0,0.0,,0.0,524288000.0,524288000.0,302841331.309462,12582912000.0,0.049969,1e-06,0.577624,0.0,0.0,0.126328,0.233671,,cluster-two,carts,tenant-3,carts-85c7bb8997-jg8gk,ip-192-168-121-107.us-west-2.compute.internal,carts,deployment,i-00868067998526003
carts-85c7bb8997-jndpw,2022-07-09T00:00:00Z,2022-07-10T00:00:00Z,1440.0,0.1,0.1,0.000796,2.4,0.07608,-2e-06,0.007965,0.0,0.0,0.0,0.0,13342022.445293,4330557.1622,0.0,0.0,0.0,0.0,0.0,0.0,0.0,,0.0,524288000.0,524288000.0,297536593.526251,12582912000.0,0.049793,-1e-06,0.567506,0.0,0.0,0.12587,0.229309,,cluster-two,carts,tenant-3,carts-85c7bb8997-jndpw,ip-192-168-189-15.us-west-2.compute.internal,carts,deployment,i-00eaf02d1e05d532a
carts-85c7bb8997-ksb85,2022-07-09T00:00:00Z,2022-07-10T00:00:00Z,1440.0,0.1,0.1,0.007224,2.4,0.07608,-2e-06,0.072244,0.0,0.0,0.0,0.0,669358429.667359,588265404.787472,0.0,0.0,0.0,0.0,0.0,0.0,0.0,,0.0,524288000.0,524288000.0,323396620.867574,12582912000.0,0.049793,-1e-06,0.61683,0.0,0.0,0.12587,0.287672,,cluster-two,carts,tenant-2,carts-85c7bb8997-ksb85,ip-192-168-189-15.us-west-2.compute.internal,carts,deployment,i-00eaf02d1e05d532a
carts-85c7bb8997-qfqgc,2022-07-09T00:00:00Z,2022-07-10T00:00:00Z,1440.0,0.1,0.1,0.016361,2.4,0.07608,-2e-06,0.163611,0.0,0.0,0.0,0.0,1612522875.535688,1452585445.16119,0.0,0.0,0.0,0.0,0.0,0.0,0.0,,0.0,524288000.0,524288000.0,324203190.044444,12582912000.0,0.049793,-1e-06,0.618369,0.0,0.0,0.12587,0.343505,,cluster-two,carts,tenant-1,carts-85c7bb8997-qfqgc,ip-192-168-144-20.us-west-2.compute.internal,carts,deployment,i-02c1f70d488b79374
carts-85c7bb8997-s882r,2022-07-09T00:00:00Z,2022-07-10T00:00:00Z,1440.0,0.1,0.1,0.000654,2.4,0.076356,2e-06,0.006541,0.0,0.0,0.0,0.0,13265469.146331,4245546.148845,0.0,0.0,0.0,0.0,0.0,0.0,0.0,,0.0,524288000.0,524288000.0,310435191.466667,12582912000.0,0.049969,1e-06,0.592108,0.0,0.0,0.126328,0.238167,,cluster-two,carts,tenant-3,carts-85c7bb8997-s882r,ip-192-168-121-154.us-west-2.compute.internal,carts,deployment,i-0d68f38a5d45f95cb
carts-85c7bb8997-tcw6s,2022-07-09T00:00:00Z,2022-07-10T00:00:00Z,1440.0,0.1,0.1,0.007274,2.4,0.076356,2e-06,0.072741,0.0,0.0,0.0,0.0,669682796.098541,583394558.943334,0.0,0.0,0.0,0.0,0.0,0.0,0.0,,0.0,524288000.0,524288000.0,317984826.84973,12582912000.0,0.049969,1e-06,0.606508,0.0,0.0,0.126328,0.283877,,cluster-two,carts,tenant-2,carts-85c7bb8997-tcw6s,ip-192-168-121-107.us-west-2.compute.internal,carts,deployment,i-00868067998526003
carts-85c7bb8997-vklfz,2022-07-09T00:00:00Z,2022-07-10T00:00:00Z,1440.0,0.1,0.1,0.007057,2.4,0.076356,2e-06,0.070565,0.0,0.0,0.0,0.0,721362760.550084,647153691.25273,0.0,0.0,0.0,0.0,0.0,0.0,0.0,,0.0,524288000.0,524288000.0,321794195.911111,12582912000.0,0.049969,1e-06,0.613774,0.0,0.0,0.126328,0.285436,,cluster-two,carts,tenant-2,carts-85c7bb8997-vklfz,ip-192-168-121-154.us-west-2.compute.internal,carts,deployment,i-0d68f38a5d45f95cb
carts-85c7bb8997-vqsvx,2022-07-09T00:00:00Z,2022-07-10T00:00:00Z,1440.0,0.1,0.1,0.007694,2.4,0.07608,-2e-06,0.07694,0.0,0.0,0.0,0.0,682712413.177185,578961214.748704,0.0,0.0,0.0,0.0,0.0,0.0,0.0,,0.0,524288000.0,524288000.0,329112075.377778,12582912000.0,0.049793,-1e-06,0.627731,0.0,0.0,0.12587,0.294823,,cluster-two,carts,tenant-2,carts-85c7bb8997-vqsvx,ip-192-168-144-20.us-west-2.compute.internal,carts,deployment,i-02c1f70d488b79374
carts-85c7bb8997-zc4ws,2022-07-09T00:00:00Z,2022-07-10T00:00:00Z,1440.0,0.1,0.1,0.007086,2.4,0.07608,-2e-06,0.070864,0.0,0.0,0.0,0.0,705054232.088324,605817731.305956,0.0,0.0,0.0,0.0,0.0,0.0,0.0,,0.0,524288000.0,524288000.0,324122535.822222,12582912000.0,0.049793,-1e-06,0.618215,0.0,0.0,0.12587,0.287386,,cluster-two,carts,tenant-2,carts-85c7bb8997-zc4ws,ip-192-168-128-109.us-west-2.compute.internal,carts,deployment,i-0b950d88c27dbfbe5
carts-85c7bb8997-zhkbf,2022-07-09T00:00:00Z,2022-07-10T00:00:00Z,1440.0,0.1,0.1,0.01568,2.4,0.07608,-2e-06,0.156798,0.0,0.0,0.0,0.0,1656666690.125288,1471331245.860978,0.0,0.0,0.0,0.0,0.0,0.0,0.0,,0.0,524288000.0,524288000.0,325409670.616752,12582912000.0,0.049793,-1e-06,0.62067,0.0,0.0,0.12587,0.340297,,cluster-two,carts,tenant-1,carts-85c7bb8997-zhkbf,ip-192-168-189-15.us-west-2.compute.internal,carts,deployment,i-00eaf02d1e05d532a
carts-85c7bb8997-zll69,2022-07-09T00:00:00Z,2022-07-10T00:00:00Z,1440.0,0.1,0.1,0.016134,2.4,0.076356,2e-06,0.161342,0.0,0.0,0.0,0.0,1660465582.015491,1455156873.470241,0.0,0.0,0.0,0.0,0.0,0.0,0.0,,0.0,524288000.0,524288000.0,325638866.248625,12582912000.0,0.049969,1e-06,0.621107,0.0,0.0,0.126328,0.343206,,cluster-two,carts,tenant-1,carts-85c7bb8997-zll69,ip-192-168-121-107.us-west-2.compute.internal,carts,deployment,i-00868067998526003
carts-db-6d978b4898-9jx8c,2022-07-09T00:00:00Z,2022-07-10T00:00:00Z,1440.0,0.1,0.1,0.036989,2.4,0.076356,2e-06,0.369895,0.0,0.0,0.0,0.0,4067874766.437701,4703059387.593276,0.0,0.0,0.0,0.0,21474836480.0,515396075520.0,0.065753,,-0.001237,314572800.0,314572800.0,108888368.355556,7549747200.0,0.029981,1e-06,0.346147,0.0,0.0,0.170856,0.363199,,cluster-two,carts-db,tenant-1,carts-db-6d978b4898-9jx8c,ip-192-168-121-154.us-west-2.compute.internal,carts-db,deployment,i-0d68f38a5d45f95cb
carts-db-6d978b4898-dq4k9,2022-07-09T00:00:00Z,2022-07-10T00:00:00Z,1440.0,0.1,0.1,0.051542,2.4,0.07608,-2e-06,0.515422,0.0,0.0,0.0,0.0,4161836996.978261,4786706530.550449,0.0,0.0,0.0,0.0,21474836480.0,515396075520.0,0.065753,,-0.001237,314572800.0,314572800.0,116587335.111111,7549747200.0,0.029876,-1e-06,0.370621,0.0,0.0,0.17047,0.474593,,cluster-two,carts-db,tenant-2,carts-db-6d978b4898-dq4k9,ip-192-168-144-20.us-west-2.compute.internal,carts-db,deployment,i-02c1f70d488b79374
carts-db-6d978b4898-h75bh,2022-07-09T00:00:00Z,2022-07-10T00:00:00Z,1440.0,0.1,0.1,0.003111,2.4,0.076356,2e-06,0.031108,0.0,0.0,0.0,0.0,13305494.344369,6566347.85826,0.0,0.0,0.0,0.0,21474836480.0,515396075520.0,0.065753,,-0.001237,314572800.0,314572800.0,66932494.222222,7549747200.0,0.029981,1e-06,0.212773,0.0,0.0,0.170856,0.082328,,cluster-two,carts-db,tenant-3,carts-db-6d978b4898-h75bh,ip-192-168-121-154.us-west-2.compute.internal,carts-db,deployment,i-0d68f38a5d45f95cb
catalogue-686567d669-4jq4p,2022-07-09T00:00:00Z,2022-07-10T00:00:00Z,1440.0,0.1,0.1,0.001592,2.4,0.07608,-2e-06,0.015922,0.0,0.0,0.0,0.0,542845754.059463,572658756.150973,0.0,0.0,0.0,0.0,0.0,0.0,0.0,,0.0,524288000.0,524288000.0,10128591.644444,12582912000.0,0.049793,-1e-06,0.019319,0.0,0.0,0.12587,0.017266,,cluster-two,catalogue,tenant-2,catalogue-686567d669-4jq4p,ip-192-168-128-109.us-west-2.compute.internal,catalogue,deployment,i-0b950d88c27dbfbe5
catalogue-686567d669-57sxq,2022-07-09T00:00:00Z,2022-07-10T00:00:00Z,1440.0,0.1,0.1,0.001592,2.4,0.07608,-2e-06,0.015921,0.0,0.0,0.0,0.0,543006036.562169,572975014.998703,0.0,0.0,0.0,0.0,0.0,0.0,0.0,,0.0,524288000.0,524288000.0,9946618.311111,12582912000.0,0.049793,-1e-06,0.018972,0.0,0.0,0.12587,0.017128,,cluster-two,catalogue,tenant-2,catalogue-686567d669-57sxq,ip-192-168-189-15.us-west-2.compute.internal,catalogue,deployment,i-00eaf02d1e05d532a
catalogue-686567d669-5j8m8,2022-07-09T00:00:00Z,2022-07-10T00:00:00Z,1440.0,0.1,0.1,0.003546,2.4,0.076356,2e-06,0.035465,0.0,0.0,0.0,0.0,1282318446.079751,1377672772.980604,0.0,0.0,0.0,0.0,0.0,0.0,0.0,,0.0,524288000.0,524288000.0,10721726.577778,12582912000.0,0.049969,1e-06,0.02045,0.0,0.0,0.126328,0.029526,,cluster-two,catalogue,tenant-1,catalogue-686567d669-5j8m8,ip-192-168-166-7.us-west-2.compute.internal,catalogue,deployment,i-0406c6f0eae2396f6
catalogue-686567d669-5kfgg,2022-07-09T00:00:00Z,2022-07-10T00:00:00Z,1440.0,0.1,0.1,0.001682,2.4,0.076356,2e-06,0.016822,0.0,0.0,0.0,0.0,543020007.936032,572112403.139299,0.0,0.0,0.0,0.0,0.0,0.0,0.0,,0.0,524288000.0,524288000.0,11138643.324281,12582912000.0,0.049969,1e-06,0.021245,0.0,0.0,0.126328,0.018572,,cluster-two,catalogue,tenant-2,catalogue-686567d669-5kfgg,ip-192-168-121-107.us-west-2.compute.internal,catalogue,deployment,i-00868067998526003
catalogue-686567d669-8kvfx,2022-07-09T00:00:00Z,2022-07-10T00:00:00Z,1440.0,0.1,0.1,0.00346,2.4,0.07608,-2e-06,0.034604,0.0,0.0,0.0,0.0,1282237861.399518,1377798104.348869,0.0,0.0,0.0,0.0,0.0,0.0,0.0,,0.0,524288000.0,524288000.0,10558929.942762,12582912000.0,0.049793,-1e-06,0.02014,0.0,0.0,0.12587,0.028882,,cluster-two,catalogue,tenant-1,catalogue-686567d669-8kvfx,ip-192-168-189-15.us-west-2.compute.internal,catalogue,deployment,i-00eaf02d1e05d532a
catalogue-686567d669-bm9hr,2022-07-09T00:00:00Z,2022-07-10T00:00:00Z,1440.0,0.1,0.1,0.001632,2.4,0.07608,-2e-06,0.016324,0.0,0.0,0.0,0.0,543264703.931583,572567573.108691,0.0,0.0,0.0,0.0,0.0,0.0,0.0,,0.0,524288000.0,524288000.0,9349211.022222,12582912000.0,0.049793,-1e-06,0.017832,0.0,0.0,0.12587,0.016921,,cluster-two,catalogue,tenant-2,catalogue-686567d669-bm9hr,ip-192-168-144-20.us-west-2.compute.internal,catalogue,deployment,i-02c1f70d488b79374
catalogue-686567d669-ckx9z,2022-07-09T00:00:00Z,2022-07-10T00:00:00Z,1440.0,0.1,0.1,0.003622,2.4,0.07608,-2e-06,0.036225,0.0,0.0,0.0,0.0,1283851069.298522,1379165870.981812,0.0,0.0,0.0,0.0,0.0,0.0,0.0,,0.0,524288000.0,524288000.0,11028881.066667,12582912000.0,0.049793,-1e-06,0.021036,0.0,0.0,0.12587,0.030216,,cluster-two,catalogue,tenant-1,catalogue-686567d669-ckx9z,ip-192-168-144-20.us-west-2.compute.internal,catalogue,deployment,i-02c1f70d488b79374
catalogue-686567d669-gmjrc,2022-07-09T00:00:00Z,2022-07-10T00:00:00Z,1440.0,0.1,0.1,0.001558,2.4,0.076356,2e-06,0.015577,0.0,0.0,0.0,0.0,545358927.893231,574584020.435793,0.0,0.0,0.0,0.0,0.0,0.0,0.0,,0.0,524288000.0,524288000.0,10045064.533333,12582912000.0,0.049969,1e-06,0.019159,0.0,0.0,0.126328,0.016994,,cluster-two,catalogue,tenant-2,catalogue-686567d669-gmjrc,ip-192-168-121-154.us-west-2.compute.internal,catalogue,deployment,i-0d68f38a5d45f95cb
catalogue-686567d669-phzjt,2022-07-09T00:00:00Z,2022-07-10T00:00:00Z,1440.0,0.1,0.1,0.001621,2.4,0.07608,-2e-06,0.016209,0.0,0.0,0.0,0.0,545040837.593845,574593702.989481,0.0,0.0,0.0,0.0,0.0,0.0,0.0,,0.0,524288000.0,524288000.0,10402665.244444,12582912000.0,0.049793,-1e-06,0.019842,0.0,0.0,0.12587,0.017646,,cluster-two,catalogue,tenant-2,catalogue-686567d669-phzjt,ip-192-168-144-20.us-west-2.compute.internal,catalogue,deployment,i-02c1f70d488b79374
catalogue-686567d669-sl4rw,2022-07-09T00:00:00Z,2022-07-10T00:00:00Z,1440.0,0.1,0.1,0.001704,2.4,0.076356,2e-06,0.017041,0.0,0.0,0.0,0.0,544001947.298799,573458232.413623,0.0,0.0,0.0,0.0,0.0,0.0,0.0,,0.0,524288000.0,524288000.0,9930427.474891,12582912000.0,0.049969,1e-06,0.018941,0.0,0.0,0.126328,0.017792,,cluster-two,catalogue,tenant-2,catalogue-686567d669-sl4rw,ip-192-168-121-107.us-west-2.compute.internal,catalogue,deployment,i-00868067998526003
catalogue-686567d669-tcnxh,2022-07-09T00:00:00Z,2022-07-10T00:00:00Z,1440.0,0.1,0.1,0.001631,2.4,0.076356,2e-06,0.01631,0.0,0.0,0.0,0.0,544891712.143518,573968769.954957,0.0,0.0,0.0,0.0,0.0,0.0,0.0,,0.0,524288000.0,524288000.0,10676764.444444,12582912000.0,0.049969,1e-06,0.020364,0.0,0.0,0.126328,0.017914,,cluster-two,catalogue,tenant-2,catalogue-686567d669-tcnxh,ip-192-168-166-7.us-west-2.compute.internal,catalogue,deployment,i-0406c6f0eae2396f6
catalogue-686567d669-wgpjj,2022-07-09T00:00:00Z,2022-07-10T00:00:00Z,1440.0,0.1,0.1,0.001617,2.4,0.07608,-2e-06,0.016169,0.0,0.0,0.0,0.0,544292607.583302,573516942.45312,0.0,0.0,0.0,0.0,0.0,0.0,0.0,,0.0,524288000.0,524288000.0,8849679.979155,12582912000.0,0.049793,-1e-06,0.016879,0.0,0.0,0.12587,0.01645,,cluster-two,catalogue,tenant-2,catalogue-686567d669-wgpjj,ip-192-168-189-15.us-west-2.compute.internal,catalogue,deployment,i-00eaf02d1e05d532a
catalogue-686567d669-xt52s,2022-07-09T00:00:00Z,2022-07-10T00:00:00Z,1440.0,0.1,0.1,0.001596,2.4,0.07608,-2e-06,0.015961,0.0,0.0,0.0,0.0,543991542.462068,573801020.230774,0.0,0.0,0.0,0.0,0.0,0.0,0.0,,0.0,524288000.0,524288000.0,9470893.511111,12582912000.0,0.049793,-1e-06,0.018064,0.0,0.0,0.12587,0.016793,,cluster-two,catalogue,tenant-2,catalogue-686567d669-xt52s,ip-192-168-128-109.us-west-2.compute.internal,catalogue,deployment,i-0b950d88c27dbfbe5
catalogue-686567d669-zlcbv,2022-07-09T00:00:00Z,2022-07-10T00:00:00Z,1440.0,0.1,0.1,0.003373,2.4,0.076356,2e-06,0.033732,0.0,0.0,0.0,0.0,1286115167.428762,1380725888.880558,0.0,0.0,0.0,0.0,0.0,0.0,0.0,,0.0,524288000.0,524288000.0,11296372.622222,12582912000.0,0.049969,1e-06,0.021546,0.0,0.0,0.126328,0.028912,,cluster-two,catalogue,tenant-1,catalogue-686567d669-zlcbv,ip-192-168-121-154.us-west-2.compute.internal,catalogue,deployment,i-0d68f38a5d45f95cb
catalogue-db-6c745d5988-hgfnz,2022-07-09T00:00:00Z,2022-07-10T00:00:00Z,1440.0,0.1,0.1,0.007998,2.4,0.076356,2e-06,0.079975,0.0,0.0,0.0,0.0,4642068809.273436,966888683.166118,0.0,0.0,0.0,0.0,21474836480.0,515396075520.0,0.065753,,-0.001237,314572800.0,314572800.0,215709926.4,7549747200.0,0.029981,1e-06,0.685723,0.0,0.0,0.170856,0.250763,,cluster-two,catalogue-db,tenant-1,catalogue-db-6c745d5988-hgfnz,ip-192-168-121-154.us-west-2.compute.internal,catalogue-db,deployment,i-0d68f38a5d45f95cb
catalogue-db-6c745d5988-jgrw4,2022-07-09T00:00:00Z,2022-07-10T00:00:00Z,1440.0,0.1,0.1,0.007881,2.4,0.076356,2e-06,0.078808,0.0,0.0,0.0,0.0,4694299147.116407,971725535.075623,0.0,0.0,0.0,0.0,21474836480.0,515396075520.0,0.065753,,-0.001237,314572800.0,314572800.0,250328777.955556,7549747200.0,0.029981,1e-06,0.795774,0.0,0.0,0.170856,0.280953,,cluster-two,catalogue-db,tenant-2,catalogue-db-6c745d5988-jgrw4,ip-192-168-121-154.us-west-2.compute.internal,catalogue-db,deployment,i-0d68f38a5d45f95cb
coredns-85d5b4454c-4pdcf,2022-07-09T00:00:00Z,2022-07-10T00:00:00Z,1440.0,0.1,0.1,0.033298,2.4,0.076356,2e-06,0.332977,0.0,0.0,0.0,0.0,3238329575.609683,1860631860.251583,0.0,0.0,0.0,0.0,0.0,0.0,0.0,,0.0,73400320.0,73400320.0,10556489.955556,1761607680.0,0.006996,0.0,0.143821,0.0,0.0,0.083354,0.317101,,cluster-two,coredns,kube-system,coredns-85d5b4454c-4pdcf,ip-192-168-166-7.us-west-2.compute.internal,coredns,deployment,i-0406c6f0eae2396f6
coredns-85d5b4454c-zqvdq,2022-07-09T00:00:00Z,2022-07-10T00:00:00Z,1440.0,0.1,0.1,0.030242,2.4,0.076356,2e-06,0.302424,0.0,0.0,0.0,0.0,3240364708.488788,1862037527.34431,0.0,0.0,0.0,0.0,0.0,0.0,0.0,,0.0,73400320.0,73400320.0,10646308.977778,1761607680.0,0.006996,0.0,0.145044,0.0,0.0,0.083354,0.289216,,cluster-two,coredns,kube-system,coredns-85d5b4454c-zqvdq,ip-192-168-121-154.us-west-2.compute.internal,coredns,deployment,i-0d68f38a5d45f95cb
front-end-5784858ff5-4fkk8,2022-07-09T00:00:00Z,2022-07-10T00:00:00Z,1440.0,0.3,0.3,0.057437,7.2,0.229068,6e-06,0.191458,0.0,0.0,0.0,0.0,16331317931.486044,4547627112.688424,0.0,0.0,0.1525,-0.002497,0.0,0.0,0.0,,0.0,629145600.0,629145600.0,106833305.6,15099494400.0,0.059962,2e-06,0.169807,0.0,0.0,0.439041,0.186966,,cluster-two,front-end,tenant-1,front-end-5784858ff5-4fkk8,ip-192-168-166-7.us-west-2.compute.internal,front-end,deployment,i-0406c6f0eae2396f6
front-end-5784858ff5-74ntz,2022-07-09T00:00:00Z,2022-07-10T00:00:00Z,1440.0,0.3,0.3,0.051719,7.2,0.22824,-5e-06,0.172398,0.0,0.0,0.0,0.0,14232162740.506924,3961150076.371367,0.0,0.0,0.1525,-0.002497,0.0,0.0,0.0,,0.0,629145600.0,629145600.0,106474168.888889,15099494400.0,0.059752,-1e-06,0.169236,0.0,0.0,0.437988,0.171742,,cluster-two,front-end,tenant-1,front-end-5784858ff5-74ntz,ip-192-168-144-20.us-west-2.compute.internal,front-end,deployment,i-02c1f70d488b79374
front-end-5784858ff5-78lwr,2022-07-09T00:00:00Z,2022-07-10T00:00:00Z,1440.0,0.3,0.3,0.020923,7.2,0.229068,6e-06,0.069744,0.0,0.0,0.0,0.0,6501849597.898931,1718674646.225092,0.0,0.0,0.061,-0.000998,0.0,0.0,0.0,,0.0,629145600.0,629145600.0,83025590.044444,15099494400.0,0.059962,2e-06,0.131966,0.0,0.0,0.349041,0.082653,,cluster-two,front-end,tenant-2,front-end-5784858ff5-78lwr,ip-192-168-121-154.us-west-2.compute.internal,front-end,deployment,i-0d68f38a5d45f95cb
front-end-5784858ff5-8lt9p,2022-07-09T00:00:00Z,2022-07-10T00:00:00Z,1440.0,0.3,0.3,0.023891,7.2,0.229068,6e-06,0.079638,0.0,0.0,0.0,0.0,6426825195.687647,1703984547.294703,0.0,0.0,0.061,-0.000998,0.0,0.0,0.0,,0.0,629145600.0,629145600.0,82323704.818153,15099494400.0,0.059962,2e-06,0.13085,0.0,0.0,0.349041,0.090262,,cluster-two,front-end,tenant-2,front-end-5784858ff5-8lt9p,ip-192-168-121-107.us-west-2.compute.internal,front-end,deployment,i-00868067998526003
front-end-5784858ff5-gzmvv,2022-07-09T00:00:00Z,2022-07-10T00:00:00Z,1440.0,0.3,0.3,0.024668,7.2,0.22824,-5e-06,0.082228,0.0,0.0,0.0,0.0,6702516292.580826,1760609703.427029,0.0,0.0,0.061,-0.000998,0.0,0.0,0.0,,0.0,629145600.0,629145600.0,84084693.333333,15099494400.0,0.059752,-1e-06,0.133649,0.0,0.0,0.347988,0.092897,,cluster-two,front-end,tenant-2,front-end-5784858ff5-gzmvv,ip-192-168-144-20.us-west-2.compute.internal,front-end,deployment,i-02c1f70d488b79374
front-end-5784858ff5-kvkxv,2022-07-09T00:00:00Z,2022-07-10T00:00:00Z,1440.0,0.3,0.3,0.02216,7.2,0.22824,-5e-06,0.073865,0.0,0.0,0.0,0.0,6160218582.823949,1642440912.827934,0.0,0.0,0.061,-0.000998,0.0,0.0,0.0,,0.0,629145600.0,629145600.0,81032591.319218,15099494400.0,0.059752,-1e-06,0.128798,0.0,0.0,0.347988,0.085263,,cluster-two,front-end,tenant-2,front-end-5784858ff5-kvkxv,ip-192-168-189-15.us-west-2.compute.internal,front-end,deployment,i-00eaf02d1e05d532a
front-end-5784858ff5-kzp9x,2022-07-09T00:00:00Z,2022-07-10T00:00:00Z,1440.0,0.3,0.3,0.023097,7.2,0.22824,-5e-06,0.07699,0.0,0.0,0.0,0.0,6785512667.49874,1794311774.040084,0.0,0.0,0.061,-0.000998,0.0,0.0,0.0,,0.0,629145600.0,629145600.0,84007404.088889,15099494400.0,0.059752,-1e-06,0.133526,0.0,0.0,0.347988,0.08872,,cluster-two,front-end,tenant-2,front-end-5784858ff5-kzp9x,ip-192-168-128-109.us-west-2.compute.internal,front-end,deployment,i-0b950d88c27dbfbe5
front-end-5784858ff5-l8s28,2022-07-09T00:00:00Z,2022-07-10T00:00:00Z,1440.0,0.3,0.3,0.022777,7.2,0.229068,6e-06,0.075924,0.0,0.0,0.0,0.0,6213921658.778277,1659525361.521899,0.0,0.0,0.061,-0.000998,0.0,0.0,0.0,,0.0,629145600.0,629145600.0,81888779.377778,15099494400.0,0.059962,2e-06,0.130159,0.0,0.0,0.349041,0.087176,,cluster-two,front-end,tenant-2,front-end-5784858ff5-l8s28,ip-192-168-166-7.us-west-2.compute.internal,front-end,deployment,i-0406c6f0eae2396f6
front-end-5784858ff5-q26hf,2022-07-09T00:00:00Z,2022-07-10T00:00:00Z,1440.0,0.3,0.3,0.022747,7.2,0.22824,-5e-06,0.075823,0.0,0.0,0.0,0.0,6369842214.2899,1666484035.288312,0.0,0.0,0.061,-0.000998,0.0,0.0,0.0,,0.0,629145600.0,629145600.0,82812243.486302,15099494400.0,0.059752,-1e-06,0.131627,0.0,0.0,0.347988,0.087401,,cluster-two,front-end,tenant-2,front-end-5784858ff5-q26hf,ip-192-168-189-15.us-west-2.compute.internal,front-end,deployment,i-00eaf02d1e05d532a
front-end-5784858ff5-qnsc7,2022-07-09T00:00:00Z,2022-07-10T00:00:00Z,1440.0,0.3,0.3,0.023229,7.2,0.229068,6e-06,0.077432,0.0,0.0,0.0,0.0,6295873744.286654,1665149960.176463,0.0,0.0,0.061,-0.000998,0.0,0.0,0.0,,0.0,629145600.0,629145600.0,82269907.771616,15099494400.0,0.059962,2e-06,0.130764,0.0,0.0,0.349041,0.088496,,cluster-two,front-end,tenant-2,front-end-5784858ff5-qnsc7,ip-192-168-121-107.us-west-2.compute.internal,front-end,deployment,i-00868067998526003
front-end-5784858ff5-rrk4x,2022-07-09T00:00:00Z,2022-07-10T00:00:00Z,1440.0,0.3,0.3,0.04771,7.2,0.22824,-5e-06,0.159034,0.0,0.0,0.0,0.0,14224867427.961197,3945065998.199218,0.0,0.0,0.1525,-0.002497,0.0,0.0,0.0,,0.0,629145600.0,629145600.0,107835201.422222,15099494400.0,0.059752,-1e-06,0.171399,0.0,0.0,0.437988,0.161599,,cluster-two,front-end,tenant-1,front-end-5784858ff5-rrk4x,ip-192-168-128-109.us-west-2.compute.internal,front-end,deployment,i-0b950d88c27dbfbe5
front-end-5784858ff5-srbdw,2022-07-09T00:00:00Z,2022-07-10T00:00:00Z,1440.0,0.3,0.3,0.055855,7.2,0.229068,6e-06,0.186183,0.0,0.0,0.0,0.0,16183164513.691576,4443849560.451691,0.0,0.0,0.1525,-0.002497,0.0,0.0,0.0,,0.0,629145600.0,629145600.0,106030387.164435,15099494400.0,0.059962,2e-06,0.168531,0.0,0.0,0.439041,0.182521,,cluster-two,front-end,tenant-1,front-end-5784858ff5-srbdw,ip-192-168-121-107.us-west-2.compute.internal,front-end,deployment,i-00868067998526003
front-end-5784858ff5-ssqcj,2022-07-09T00:00:00Z,2022-07-10T00:00:00Z,1440.0,0.3,0.3,0.025115,7.2,0.22824,-5e-06,0.083717,0.0,0.0,0.0,0.0,6791568693.977311,1777412640.92483,0.0,0.0,0.061,-0.000998,0.0,0.0,0.0,,0.0,629145600.0,629145600.0,83742512.355556,15099494400.0,0.059752,-1e-06,0.133105,0.0,0.0,0.347988,0.093964,,cluster-two,front-end,tenant-2,front-end-5784858ff5-ssqcj,ip-192-168-144-20.us-west-2.compute.internal,front-end,deployment,i-02c1f70d488b79374
front-end-5784858ff5-v48jb,2022-07-09T00:00:00Z,2022-07-10T00:00:00Z,1440.0,0.3,0.3,0.023313,7.2,0.22824,-5e-06,0.07771,0.0,0.0,0.0,0.0,6901513007.590928,1805793535.214687,0.0,0.0,0.061,-0.000998,0.0,0.0,0.0,,0.0,629145600.0,629145600.0,84376160.711111,15099494400.0,0.059752,-1e-06,0.134112,0.0,0.0,0.347988,0.089412,,cluster-two,front-end,tenant-2,front-end-5784858ff5-v48jb,ip-192-168-128-109.us-west-2.compute.internal,front-end,deployment,i-0b950d88c27dbfbe5
kube-proxy-4jr7t,2022-07-09T00:00:00Z,2022-07-10T00:00:00Z,1440.0,0.1,0.1,0.000244,2.4,0.076356,2e-06,0.002437,0.0,0.0,0.0,0.0,45701919496.56936,44748609496.68956,0.000737,0.077206,0.0,0.0,0.0,0.0,0.0,,0.0,18306382.222222,0.0,18745417.955556,439353173.333333,0.001745,0.0,1.0,0.0,0.0,0.156046,0.024722,,cluster-two,kube-proxy,kube-system,kube-proxy-4jr7t,ip-192-168-121-154.us-west-2.compute.internal,kube-proxy,daemonset,i-0d68f38a5d45f95cb
kube-proxy-fxgk4,2022-07-09T00:00:00Z,2022-07-10T00:00:00Z,1440.0,0.1,0.1,0.000239,2.4,0.07608,-2e-06,0.002392,0.0,0.0,0.0,0.0,96885059966.08087,97104539251.04906,0.00074,0.123568,0.0,0.0,0.0,0.0,0.0,,0.0,19010807.466667,0.0,19253091.555556,456259379.2,0.001806,-0.0,1.0,0.0,0.0,0.202192,0.025518,,cluster-two,kube-proxy,kube-system,kube-proxy-fxgk4,ip-192-168-128-109.us-west-2.compute.internal,kube-proxy,daemonset,i-0b950d88c27dbfbe5
kube-proxy-kk8lk,2022-07-09T00:00:00Z,2022-07-10T00:00:00Z,1440.0,0.1,0.1,0.000232,2.4,0.076356,2e-06,0.002323,0.0,0.0,0.0,0.0,47750971116.90698,47691838576.67354,0.000737,0.057949,0.0,0.0,0.0,0.0,0.0,,0.0,17417854.577778,0.0,18768133.688889,418028509.866667,0.00166,0.0,1.0,0.0,0.0,0.136705,0.023552,,cluster-two,kube-proxy,kube-system,kube-proxy-kk8lk,ip-192-168-166-7.us-west-2.compute.internal,kube-proxy,daemonset,i-0406c6f0eae2396f6
kube-proxy-rlhjf,2022-07-09T00:00:00Z,2022-07-10T00:00:00Z,1440.0,0.1,0.1,0.000225,2.4,0.076356,2e-06,0.002251,0.0,0.0,0.0,0.0,53443121689.22927,54047659331.2509,0.000737,0.097225,0.0,0.0,0.0,0.0,0.0,,0.0,17517555.2,0.0,18837203.48156,420421324.8,0.00167,0.0,1.0,0.0,0.0,0.17599,0.023601,,cluster-two,kube-proxy,kube-system,kube-proxy-rlhjf,ip-192-168-121-107.us-west-2.compute.internal,kube-proxy,daemonset,i-00868067998526003
kube-proxy-wmmp5,2022-07-09T00:00:00Z,2022-07-10T00:00:00Z,1440.0,0.1,0.1,0.000231,2.4,0.07608,-2e-06,0.002313,0.0,0.0,0.0,0.0,67314857072.81437,67095469710.63505,0.000735,0.099849,0.0,0.0,0.0,0.0,0.0,,0.0,17694774.044444,0.0,19111204.977778,424674577.066667,0.001681,-0.0,1.0,0.0,0.0,0.178343,0.023875,,cluster-two,kube-proxy,kube-system,kube-proxy-wmmp5,ip-192-168-144-20.us-west-2.compute.internal,kube-proxy,daemonset,i-02c1f70d488b79374
kube-proxy-x6t6j,2022-07-09T00:00:00Z,2022-07-10T00:00:00Z,1440.0,0.1,0.1,0.000232,2.4,0.07608,-2e-06,0.002317,0.0,0.0,0.0,0.0,101947532535.92142,101580192091.50584,0.000736,0.179123,0.0,0.0,0.0,0.0,0.0,,0.0,17194082.133333,0.0,18528659.501713,412657971.2,0.001633,-0.0,1.0,0.0,0.0,0.25757,0.023281,,cluster-two,kube-proxy,kube-system,kube-proxy-x6t6j,ip-192-168-189-15.us-west-2.compute.internal,kube-proxy,daemonset,i-00eaf02d1e05d532a
kubecost-cost-analyzer-df4d94d8c-ghkk8,2022-07-09T00:00:00Z,2022-07-10T00:00:00Z,1440.0,0.21,0.21,0.005601,5.04,0.159768,-3e-06,0.026669,0.0,0.0,0.0,0.0,216210313.548853,234225938.282843,0.000647,0.107974,0.61,-0.009966,34359738368.0,824633720832.0,0.105205,,-0.00198,136703247.644444,115343360.0,85550555.022222,3280877943.466666,0.012983,-0.0,0.741703,0.0,0.0,0.984627,0.080408,,cluster-two,,kubecost,kubecost-cost-analyzer-df4d94d8c-ghkk8,ip-192-168-128-109.us-west-2.compute.internal,kubecost-cost-analyzer,deployment,i-0b950d88c27dbfbe5
kubecost-grafana-bfd57df64-g7987,2022-07-09T00:00:00Z,2022-07-10T00:00:00Z,1440.0,0.002643,0.0,0.003166,0.06343,0.002011,-0.0,1.0,0.0,0.0,0.0,0.0,22099018.132446,746039596.999825,5.6e-05,0.013615,0.0,0.0,0.0,0.0,0.0,,0.0,97479341.511111,0.0,105044514.133333,2339504196.266667,0.009258,-0.0,1.0,0.0,0.0,0.024939,1.0,,cluster-two,,kubecost,kubecost-grafana-bfd57df64-g7987,ip-192-168-189-15.us-west-2.compute.internal,kubecost-grafana,deployment,i-00eaf02d1e05d532a
kubecost-kube-state-metrics-99bb8c55b-xhrjg,2022-07-09T00:00:00Z,2022-07-10T00:00:00Z,1440.0,0.000353,0.0,0.000364,0.008468,0.000268,-0.0,1.0,0.0,0.0,0.0,0.0,2844112787.663968,58101509.108853,0.0,0.0,0.0,0.0,0.0,0.0,0.0,,0.0,11389051.733333,0.0,11529503.288889,273337241.6,0.001082,-0.0,1.0,0.0,0.0,0.00135,1.0,,cluster-two,kube-state-metrics,kubecost,kubecost-kube-state-metrics-99bb8c55b-xhrjg,ip-192-168-128-109.us-west-2.compute.internal,kubecost-kube-state-metrics,deployment,i-0b950d88c27dbfbe5
kubecost-network-costs-85z82,2022-07-09T00:00:00Z,2022-07-10T00:00:00Z,1440.0,0.091598,0.0,0.110766,2.198351,0.069688,-1e-06,1.0,0.0,0.0,0.0,0.0,67311087534.69942,67091562805.716225,0.000735,0.099849,0.0,0.0,0.0,0.0,0.0,,0.0,70784082.488889,0.0,76598280.533333,1698817979.733333,0.006723,-0.0,1.0,0.0,0.0,0.176992,1.0,,cluster-two,kubecost-network-costs,kubecost,kubecost-network-costs-85z82,ip-192-168-144-20.us-west-2.compute.internal,kubecost-network-costs,daemonset,i-02c1f70d488b79374
kubecost-network-costs-9tvrc,2022-07-09T00:00:00Z,2022-07-10T00:00:00Z,1440.0,0.098735,0.0,0.119843,2.369628,0.07539,2e-06,1.0,0.0,0.0,0.0,0.0,47742100718.2475,47683328195.677864,0.000737,0.057949,0.0,0.0,0.0,0.0,0.0,,0.0,69160213.333333,0.0,75015953.066667,1659845120.0,0.006592,0.0,1.0,0.0,0.0,0.14067,1.0,,cluster-two,kubecost-network-costs,kubecost,kubecost-network-costs-9tvrc,ip-192-168-166-7.us-west-2.compute.internal,kubecost-network-costs,daemonset,i-0406c6f0eae2396f6
kubecost-network-costs-djhv2,2022-07-09T00:00:00Z,2022-07-10T00:00:00Z,1440.0,0.083099,0.0,0.087695,1.994371,0.063451,2e-06,1.0,0.0,0.0,0.0,0.0,45699044883.96556,44745893924.18365,0.000737,0.077206,0.0,0.0,0.0,0.0,0.0,,0.0,63794218.666667,0.0,65076181.333333,1531061248.0,0.00608,0.0,1.0,0.0,0.0,0.147476,1.0,,cluster-two,kubecost-network-costs,kubecost,kubecost-network-costs-djhv2,ip-192-168-121-154.us-west-2.compute.internal,kubecost-network-costs,daemonset,i-0d68f38a5d45f95cb
kubecost-network-costs-pmksz,2022-07-09T00:00:00Z,2022-07-10T00:00:00Z,1440.0,0.069954,0.0,0.085597,1.678886,0.053414,2e-06,1.0,0.0,0.0,0.0,0.0,53462867003.46588,54067725482.761284,0.000737,0.097225,0.0,0.0,0.0,0.0,0.0,,0.0,65606195.2,0.0,71329525.818011,1574548684.8,0.006253,0.0,1.0,0.0,0.0,0.15763,1.0,,cluster-two,kubecost-network-costs,kubecost,kubecost-network-costs-pmksz,ip-192-168-121-107.us-west-2.compute.internal,kubecost-network-costs,daemonset,i-00868067998526003
kubecost-network-costs-rk29h,2022-07-09T00:00:00Z,2022-07-10T00:00:00Z,1440.0,0.096817,0.0,0.115694,2.323616,0.073659,-2e-06,1.0,0.0,0.0,0.0,0.0,102049995723.41212,101682261505.86333,0.000736,0.179123,0.0,0.0,0.0,0.0,0.0,,0.0,83567982.933333,0.0,89744618.721595,2005631590.4,0.007937,-0.0,1.0,0.0,0.0,0.261452,1.0,,cluster-two,kubecost-network-costs,kubecost,kubecost-network-costs-rk29h,ip-192-168-189-15.us-west-2.compute.internal,kubecost-network-costs,daemonset,i-00eaf02d1e05d532a
kubecost-network-costs-v5mhl,2022-07-09T00:00:00Z,2022-07-10T00:00:00Z,1440.0,0.102472,0.0,0.106807,2.459327,0.077961,-2e-06,1.0,0.0,0.0,0.0,0.0,96885973596.28029,97105270440.08208,0.00074,0.123568,0.0,0.0,0.0,0.0,0.0,,0.0,69211283.911111,0.0,70230010.311111,1661070813.866667,0.006573,-0.0,1.0,0.0,0.0,0.20884,1.0,,cluster-two,kubecost-network-costs,kubecost,kubecost-network-costs-v5mhl,ip-192-168-128-109.us-west-2.compute.internal,kubecost-network-costs,daemonset,i-0b950d88c27dbfbe5
kubecost-prometheus-node-exporter-4xtmb,2022-07-09T00:00:00Z,2022-07-10T00:00:00Z,1440.0,0.000429,0.0,0.000516,0.010295,0.000326,-0.0,1.0,0.0,0.0,0.0,0.0,67314144585.36732,67094510474.01307,0.000735,0.099849,0.0,0.0,0.0,0.0,0.0,,0.0,7587074.844444,0.0,8256258.844444,182089796.266667,0.000721,-0.0,1.0,0.0,0.0,0.101631,1.0,,cluster-two,prometheus-node-exporter,kubecost,kubecost-prometheus-node-exporter-4xtmb,ip-192-168-144-20.us-west-2.compute.internal,kubecost-prometheus-node-exporter,daemonset,i-02c1f70d488b79374
kubecost-prometheus-node-exporter-985wx,2022-07-09T00:00:00Z,2022-07-10T00:00:00Z,1440.0,0.000515,0.0,0.000539,0.012363,0.000392,-0.0,1.0,0.0,0.0,0.0,0.0,96878244241.49211,97097730201.69748,0.00074,0.123568,0.0,0.0,0.0,0.0,0.0,,0.0,8043702.044444,0.0,8194932.622222,193048849.066667,0.000764,-0.0,1.0,0.0,0.0,0.125464,1.0,,cluster-two,prometheus-node-exporter,kubecost,kubecost-prometheus-node-exporter-985wx,ip-192-168-128-109.us-west-2.compute.internal,kubecost-prometheus-node-exporter,daemonset,i-0b950d88c27dbfbe5
kubecost-prometheus-node-exporter-l847d,2022-07-09T00:00:00Z,2022-07-10T00:00:00Z,1440.0,0.000425,0.0,0.000527,0.010209,0.000324,-0.0,1.0,0.0,0.0,0.0,0.0,102096892728.38708,101728918573.07251,0.000736,0.179123,0.0,0.0,0.0,0.0,0.0,,0.0,8050788.977778,0.0,8868510.306493,193218935.466667,0.000765,-0.0,1.0,0.0,0.0,0.180947,1.0,,cluster-two,prometheus-node-exporter,kubecost,kubecost-prometheus-node-exporter-l847d,ip-192-168-189-15.us-west-2.compute.internal,kubecost-prometheus-node-exporter,daemonset,i-00eaf02d1e05d532a
kubecost-prometheus-node-exporter-s5ll2,2022-07-09T00:00:00Z,2022-07-10T00:00:00Z,1440.0,0.000375,0.0,0.000488,0.00899,0.000286,0.0,1.0,0.0,0.0,0.0,0.0,47750587813.53784,47691638226.25392,0.000737,0.057949,0.0,0.0,0.0,0.0,0.0,,0.0,8045078.755556,0.0,9041451.661709,193081890.133333,0.000767,0.0,1.0,0.0,0.0,0.059739,1.0,,cluster-two,prometheus-node-exporter,kubecost,kubecost-prometheus-node-exporter-s5ll2,ip-192-168-166-7.us-west-2.compute.internal,kubecost-prometheus-node-exporter,daemonset,i-0406c6f0eae2396f6
kubecost-prometheus-node-exporter-tllhk,2022-07-09T00:00:00Z,2022-07-10T00:00:00Z,1440.0,0.000397,0.0,0.000513,0.009527,0.000303,0.0,1.0,0.0,0.0,0.0,0.0,53412224507.14517,54010133783.383575,0.000737,0.097225,0.0,0.0,0.0,0.0,0.0,,0.0,7475807.288889,0.0,8392694.566466,179419374.933333,0.000713,0.0,1.0,0.0,0.0,0.098978,1.0,,cluster-two,prometheus-node-exporter,kubecost,kubecost-prometheus-node-exporter-tllhk,ip-192-168-121-107.us-west-2.compute.internal,kubecost-prometheus-node-exporter,daemonset,i-00868067998526003
kubecost-prometheus-node-exporter-zrd9s,2022-07-09T00:00:00Z,2022-07-10T00:00:00Z,1440.0,0.000542,0.0,0.000579,0.012999,0.000414,0.0,1.0,0.0,0.0,0.0,0.0,45700767033.60198,44747535080.09376,0.000737,0.077206,0.0,0.0,0.0,0.0,0.0,,0.0,8279684.266667,0.0,8538527.288889,198712422.4,0.000789,0.0,1.0,0.0,0.0,0.079145,1.0,,cluster-two,prometheus-node-exporter,kubecost,kubecost-prometheus-node-exporter-zrd9s,ip-192-168-121-154.us-west-2.compute.internal,kubecost-prometheus-node-exporter,daemonset,i-0d68f38a5d45f95cb
kubecost-prometheus-server-c5b6cdf64-sxpsr,2022-07-09T00:00:00Z,2022-07-10T00:00:00Z,1440.0,0.009853,0.0,0.011649,0.236464,0.007523,0.0,1.0,0.0,0.0,0.0,0.0,249117654.18325,6896709993.604843,0.0,0.0,0.0,0.0,34359738368.0,824633720832.0,0.105205,,-0.00198,362821519.644444,0.0,391547702.396937,8707716471.466667,0.03458,1e-06,1.0,0.0,0.0,0.14533,1.0,,cluster-two,,kubecost,kubecost-prometheus-server-c5b6cdf64-sxpsr,ip-192-168-121-107.us-west-2.compute.internal,kubecost-prometheus-server,deployment,i-00868067998526003
load-test-69f96cfdb8-tm7lw,2022-07-09T00:00:00Z,2022-07-10T00:00:00Z,1440.0,0.241572,0.0,0.29125,5.797721,0.183788,-4e-06,1.0,0.0,0.0,0.0,0.0,4125071238.824709,51463724917.84415,0.0,0.0,0.0,0.0,0.0,0.0,0.0,,0.0,21990793.955556,0.0,23780735.600086,527779054.933333,0.002089,-0.0,1.0,0.0,0.0,0.185872,1.0,,cluster-two,load-test,tenant-1,load-test-69f96cfdb8-tm7lw,ip-192-168-189-15.us-west-2.compute.internal,load-test,deployment,i-00eaf02d1e05d532a
load-test-76d667476b-55589,2022-07-09T00:00:00Z,2022-07-10T00:00:00Z,1440.0,0.003474,0.0,0.003655,0.083374,0.002643,-0.0,1.0,0.0,0.0,0.0,0.0,47689666.868245,69412336.602455,0.0,0.0,0.0,0.0,0.0,0.0,0.0,,0.0,25096384.0,0.0,25548342.044444,602313216.0,0.002383,-0.0,1.0,0.0,0.0,0.005026,1.0,,cluster-two,load-test,tenant-3,load-test-76d667476b-55589,ip-192-168-128-109.us-west-2.compute.internal,load-test,deployment,i-0b950d88c27dbfbe5
load-test-7877498968-6gzwk,2022-07-09T00:00:00Z,2022-07-10T00:00:00Z,1440.0,0.003063,0.0,0.003671,0.073504,0.002339,0.0,1.0,0.0,0.0,0.0,0.0,48207714.669466,70135182.676125,0.0,0.0,0.0,0.0,0.0,0.0,0.0,,0.0,23920066.844444,0.0,25704442.311111,574081604.266667,0.00228,0.0,1.0,0.0,0.0,0.004618,1.0,,cluster-two,load-test,tenant-5,load-test-7877498968-6gzwk,ip-192-168-166-7.us-west-2.compute.internal,load-test,deployment,i-0406c6f0eae2396f6
load-test-7cd9fb84bf-8tx8g,2022-07-09T00:00:00Z,2022-07-10T00:00:00Z,1440.0,0.278318,0.0,0.289877,6.679621,0.211744,-4e-06,1.0,0.0,0.0,0.0,0.0,4157040555.389294,51434773416.07486,0.0,0.0,0.0,0.0,0.0,0.0,0.0,,0.0,23739757.511111,0.0,24059209.955556,569754180.266667,0.002255,-0.0,1.0,0.0,0.0,0.213994,1.0,,cluster-two,load-test,tenant-2,load-test-7cd9fb84bf-8tx8g,ip-192-168-128-109.us-west-2.compute.internal,load-test,deployment,i-0b950d88c27dbfbe5
load-test-bfdccb6bc-mt6dp,2022-07-09T00:00:00Z,2022-07-10T00:00:00Z,1440.0,0.003534,0.0,0.003658,0.084811,0.002688,-0.0,1.0,0.0,0.0,0.0,0.0,47636889.723402,69340589.366433,0.0,0.0,0.0,0.0,0.0,0.0,0.0,,0.0,25411757.511111,0.0,25732943.644444,609882180.266667,0.002413,-0.0,1.0,0.0,0.0,0.005102,1.0,,cluster-two,load-test,tenant-4,load-test-bfdccb6bc-mt6dp,ip-192-168-128-109.us-west-2.compute.internal,load-test,deployment,i-0b950d88c27dbfbe5
orders-64f5b84ffb-2vgx8,2022-07-09T00:00:00Z,2022-07-10T00:00:00Z,1440.0,0.3,0.3,0.005288,7.2,0.22824,-5e-06,0.017628,0.0,0.0,0.0,0.0,463734063.593174,289191284.018355,0.0,0.0,0.0,0.0,0.0,0.0,0.0,,0.0,629145600.0,629145600.0,326371140.266667,15099494400.0,0.059752,-1e-06,0.518753,0.0,0.0,0.287986,0.121599,,cluster-two,orders,tenant-2,orders-64f5b84ffb-2vgx8,ip-192-168-128-109.us-west-2.compute.internal,orders,deployment,i-0b950d88c27dbfbe5
orders-64f5b84ffb-bv8q7,2022-07-09T00:00:00Z,2022-07-10T00:00:00Z,1440.0,0.3,0.3,0.005261,7.2,0.22824,-5e-06,0.017537,0.0,0.0,0.0,0.0,467171155.498151,291495493.715444,0.0,0.0,0.0,0.0,0.0,0.0,0.0,,0.0,629145600.0,629145600.0,319627554.133333,15099494400.0,0.059752,-1e-06,0.508034,0.0,0.0,0.287986,0.119304,,cluster-two,orders,tenant-2,orders-64f5b84ffb-bv8q7,ip-192-168-128-109.us-west-2.compute.internal,orders,deployment,i-0b950d88c27dbfbe5
orders-64f5b84ffb-f457b,2022-07-09T00:00:00Z,2022-07-10T00:00:00Z,1440.0,0.3,0.3,0.005383,7.2,0.229068,6e-06,0.017943,0.0,0.0,0.0,0.0,463417520.749077,289356195.141727,0.0,0.0,0.0,0.0,0.0,0.0,0.0,,0.0,629145600.0,629145600.0,320468030.577778,15099494400.0,0.059962,2e-06,0.50937,0.0,0.0,0.289039,0.119895,,cluster-two,orders,tenant-2,orders-64f5b84ffb-f457b,ip-192-168-166-7.us-west-2.compute.internal,orders,deployment,i-0406c6f0eae2396f6
orders-64f5b84ffb-fq8fz,2022-07-09T00:00:00Z,2022-07-10T00:00:00Z,1440.0,0.3,0.3,0.005429,7.2,0.22824,-5e-06,0.018097,0.0,0.0,0.0,0.0,462839521.977411,288688126.985711,0.0,0.0,0.0,0.0,0.0,0.0,0.0,,0.0,629145600.0,629145600.0,326465616.385786,15099494400.0,0.059752,-1e-06,0.518903,0.0,0.0,0.287986,0.122002,,cluster-two,orders,tenant-2,orders-64f5b84ffb-fq8fz,ip-192-168-189-15.us-west-2.compute.internal,orders,deployment,i-00eaf02d1e05d532a
orders-64f5b84ffb-jqtqh,2022-07-09T00:00:00Z,2022-07-10T00:00:00Z,1440.0,0.3,0.3,0.005461,7.2,0.229068,6e-06,0.018203,0.0,0.0,0.0,0.0,461832578.212167,287922876.704383,0.0,0.0,0.0,0.0,0.0,0.0,0.0,,0.0,629145600.0,629145600.0,322481250.73597,15099494400.0,0.059962,2e-06,0.51257,0.0,0.0,0.289039,0.120765,,cluster-two,orders,tenant-2,orders-64f5b84ffb-jqtqh,ip-192-168-121-107.us-west-2.compute.internal,orders,deployment,i-00868067998526003
orders-64f5b84ffb-lrp4g,2022-07-09T00:00:00Z,2022-07-10T00:00:00Z,1440.0,0.3,0.3,0.005441,7.2,0.229068,6e-06,0.018135,0.0,0.0,0.0,0.0,461193381.667143,287689600.62276,0.0,0.0,0.0,0.0,0.0,0.0,0.0,,0.0,629145600.0,629145600.0,320884984.891655,15099494400.0,0.059962,2e-06,0.510033,0.0,0.0,0.289039,0.120185,,cluster-two,orders,tenant-2,orders-64f5b84ffb-lrp4g,ip-192-168-121-107.us-west-2.compute.internal,orders,deployment,i-00868067998526003
orders-64f5b84ffb-lzfx5,2022-07-09T00:00:00Z,2022-07-10T00:00:00Z,1440.0,0.3,0.3,0.005417,7.2,0.22824,-5e-06,0.018055,0.0,0.0,0.0,0.0,462142649.8625,288372873.946879,0.0,0.0,0.0,0.0,0.0,0.0,0.0,,0.0,629145600.0,629145600.0,320678353.640851,15099494400.0,0.059752,-1e-06,0.509705,0.0,0.0,0.287986,0.120061,,cluster-two,orders,tenant-2,orders-64f5b84ffb-lzfx5,ip-192-168-189-15.us-west-2.compute.internal,orders,deployment,i-00eaf02d1e05d532a
orders-64f5b84ffb-mvxrf,2022-07-09T00:00:00Z,2022-07-10T00:00:00Z,1440.0,0.3,0.3,0.005375,7.2,0.229068,6e-06,0.017916,0.0,0.0,0.0,0.0,458970970.322425,286759587.977918,0.0,0.0,0.0,0.0,0.0,0.0,0.0,,0.0,629145600.0,629145600.0,325642803.2,15099494400.0,0.059962,2e-06,0.517595,0.0,0.0,0.289039,0.12158,,cluster-two,orders,tenant-2,orders-64f5b84ffb-mvxrf,ip-192-168-166-7.us-west-2.compute.internal,orders,deployment,i-0406c6f0eae2396f6
orders-64f5b84ffb-qjfkr,2022-07-09T00:00:00Z,2022-07-10T00:00:00Z,1440.0,0.3,0.3,0.01189,7.2,0.229068,6e-06,0.039633,0.0,0.0,0.0,0.0,1123690802.109309,706767342.174865,0.0,0.0,0.0,0.0,0.0,0.0,0.0,,0.0,629145600.0,629145600.0,329426011.516977,15099494400.0,0.059962,2e-06,0.523609,0.0,0.0,0.289039,0.140039,,cluster-two,orders,tenant-1,orders-64f5b84ffb-qjfkr,ip-192-168-121-107.us-west-2.compute.internal,orders,deployment,i-00868067998526003
orders-64f5b84ffb-tpjxd,2022-07-09T00:00:00Z,2022-07-10T00:00:00Z,1440.0,0.3,0.3,0.011918,7.2,0.229068,6e-06,0.039726,0.0,0.0,0.0,0.0,1130516030.292581,710748644.843421,0.0,0.0,0.0,0.0,0.0,0.0,0.0,,0.0,629145600.0,629145600.0,326988509.866667,15099494400.0,0.059962,2e-06,0.519734,0.0,0.0,0.289039,0.139309,,cluster-two,orders,tenant-1,orders-64f5b84ffb-tpjxd,ip-192-168-166-7.us-west-2.compute.internal,orders,deployment,i-0406c6f0eae2396f6
orders-64f5b84ffb-vdprg,2022-07-09T00:00:00Z,2022-07-10T00:00:00Z,1440.0,0.3,0.3,0.011571,7.2,0.22824,-5e-06,0.038571,0.0,0.0,0.0,0.0,1131837535.210804,711937412.781219,0.0,0.0,0.0,0.0,0.0,0.0,0.0,,0.0,629145600.0,629145600.0,333975191.745855,15099494400.0,0.059752,-1e-06,0.530839,0.0,0.0,0.287986,0.140706,,cluster-two,orders,tenant-1,orders-64f5b84ffb-vdprg,ip-192-168-189-15.us-west-2.compute.internal,orders,deployment,i-00eaf02d1e05d532a
orders-64f5b84ffb-z4qd4,2022-07-09T00:00:00Z,2022-07-10T00:00:00Z,1440.0,0.3,0.3,0.005075,7.2,0.229068,6e-06,0.016916,0.0,0.0,0.0,0.0,464001702.582811,289706596.846012,0.0,0.0,0.0,0.0,0.0,0.0,0.0,,0.0,629145600.0,629145600.0,329144960.0,15099494400.0,0.059962,2e-06,0.523162,0.0,0.0,0.289039,0.121942,,cluster-two,orders,tenant-2,orders-64f5b84ffb-z4qd4,ip-192-168-121-154.us-west-2.compute.internal,orders,deployment,i-0d68f38a5d45f95cb
orders-64f5b84ffb-zdnc4,2022-07-09T00:00:00Z,2022-07-10T00:00:00Z,1440.0,0.3,0.3,0.011845,7.2,0.22824,-5e-06,0.039482,0.0,0.0,0.0,0.0,1125540075.498165,708061174.710069,0.0,0.0,0.0,0.0,0.0,0.0,0.0,,0.0,629145600.0,629145600.0,333918867.911111,15099494400.0,0.059752,-1e-06,0.53075,0.0,0.0,0.287986,0.141409,,cluster-two,orders,tenant-1,orders-64f5b84ffb-zdnc4,ip-192-168-144-20.us-west-2.compute.internal,orders,deployment,i-02c1f70d488b79374
orders-64f5b84ffb-zs5gm,2022-07-09T00:00:00Z,2022-07-10T00:00:00Z,1440.0,0.3,0.3,0.005557,7.2,0.22824,-5e-06,0.018523,0.0,0.0,0.0,0.0,460816570.047998,287600690.105891,0.0,0.0,0.0,0.0,0.0,0.0,0.0,,0.0,629145600.0,629145600.0,320698333.866667,15099494400.0,0.059752,-1e-06,0.509736,0.0,0.0,0.287986,0.120439,,cluster-two,orders,tenant-2,orders-64f5b84ffb-zs5gm,ip-192-168-144-20.us-west-2.compute.internal,orders,deployment,i-02c1f70d488b79374
orders-db-568dc6596f-46mlt,2022-07-09T00:00:00Z,2022-07-10T00:00:00Z,1440.0,0.1,0.1,0.005856,2.4,0.076356,2e-06,0.05856,0.0,0.0,0.0,0.0,117919648.520173,635479020.190446,0.0,0.0,0.0,0.0,0.0,0.0,0.0,,0.0,314572800.0,314572800.0,106637380.266667,7549747200.0,0.029981,1e-06,0.338991,0.0,0.0,0.10634,0.137626,,cluster-two,orders-db,tenant-2,orders-db-568dc6596f-46mlt,ip-192-168-121-154.us-west-2.compute.internal,orders-db,deployment,i-0d68f38a5d45f95cb
orders-db-568dc6596f-xs7j7,2022-07-09T00:00:00Z,2022-07-10T00:00:00Z,1440.0,0.1,0.1,0.005537,2.4,0.076356,2e-06,0.055371,0.0,0.0,0.0,0.0,99294095.696391,627101980.479843,0.0,0.0,0.0,0.0,0.0,0.0,0.0,,0.0,314572800.0,314572800.0,109413464.177778,7549747200.0,0.029981,1e-06,0.347816,0.0,0.0,0.10634,0.137825,,cluster-two,orders-db,tenant-1,orders-db-568dc6596f-xs7j7,ip-192-168-121-154.us-west-2.compute.internal,orders-db,deployment,i-0d68f38a5d45f95cb
payment-66b6f68c4d-46zff,2022-07-09T00:00:00Z,2022-07-10T00:00:00Z,1440.0,0.3,0.3,0.000949,7.2,0.22824,-5e-06,0.003164,0.0,0.0,0.0,0.0,86312399.70716,167153193.496874,0.0,0.0,0.0,0.0,0.0,0.0,0.0,,0.0,524288000.0,524288000.0,9630875.934673,12582912000.0,0.049793,-1e-06,0.018369,0.0,0.0,0.278027,0.005887,,cluster-two,payment,tenant-1,payment-66b6f68c4d-46zff,ip-192-168-189-15.us-west-2.compute.internal,payment,deployment,i-00eaf02d1e05d532a
payment-66b6f68c4d-4gzxv,2022-07-09T00:00:00Z,2022-07-10T00:00:00Z,1440.0,0.3,0.3,0.000606,7.2,0.229068,6e-06,0.002021,0.0,0.0,0.0,0.0,58635433.362261,89714724.338874,0.0,0.0,0.0,0.0,0.0,0.0,0.0,,0.0,524288000.0,524288000.0,10070835.2,12582912000.0,0.049969,1e-06,0.019209,0.0,0.0,0.279045,0.005099,,cluster-two,payment,tenant-2,payment-66b6f68c4d-4gzxv,ip-192-168-166-7.us-west-2.compute.internal,payment,deployment,i-0406c6f0eae2396f6
payment-66b6f68c4d-5pxdl,2022-07-09T00:00:00Z,2022-07-10T00:00:00Z,1440.0,0.3,0.3,0.00118,7.2,0.22824,-5e-06,0.003932,0.0,0.0,0.0,0.0,100648329.882862,206123386.015289,0.0,0.0,0.0,0.0,0.0,0.0,0.0,,0.0,524288000.0,524288000.0,9749643.377778,12582912000.0,0.049793,-1e-06,0.018596,0.0,0.0,0.278027,0.006558,,cluster-two,payment,tenant-1,payment-66b6f68c4d-5pxdl,ip-192-168-144-20.us-west-2.compute.internal,payment,deployment,i-02c1f70d488b79374
payment-66b6f68c4d-6rt54,2022-07-09T00:00:00Z,2022-07-10T00:00:00Z,1440.0,0.3,0.3,0.000665,7.2,0.229068,6e-06,0.002216,0.0,0.0,0.0,0.0,59968437.48413,93112070.837723,0.0,0.0,0.0,0.0,0.0,0.0,0.0,,0.0,524288000.0,524288000.0,8874524.444444,12582912000.0,0.049969,1e-06,0.016927,0.0,0.0,0.279045,0.00485,,cluster-two,payment,tenant-2,payment-66b6f68c4d-6rt54,ip-192-168-166-7.us-west-2.compute.internal,payment,deployment,i-0406c6f0eae2396f6
payment-66b6f68c4d-7glph,2022-07-09T00:00:00Z,2022-07-10T00:00:00Z,1440.0,0.3,0.3,0.000562,7.2,0.229068,6e-06,0.001874,0.0,0.0,0.0,0.0,57465676.115716,85940993.917782,0.0,0.0,0.0,0.0,0.0,0.0,0.0,,0.0,524288000.0,524288000.0,10684967.822222,12582912000.0,0.049969,1e-06,0.02038,0.0,0.0,0.279045,0.005188,,cluster-two,payment,tenant-2,payment-66b6f68c4d-7glph,ip-192-168-121-154.us-west-2.compute.internal,payment,deployment,i-0d68f38a5d45f95cb
payment-66b6f68c4d-8x672,2022-07-09T00:00:00Z,2022-07-10T00:00:00Z,1440.0,0.3,0.3,0.000649,7.2,0.22824,-5e-06,0.002163,0.0,0.0,0.0,0.0,58950149.656901,91051808.997675,0.0,0.0,0.0,0.0,0.0,0.0,0.0,,0.0,524288000.0,524288000.0,9757973.019962,12582912000.0,0.049793,-1e-06,0.018612,0.0,0.0,0.278027,0.005109,,cluster-two,payment,tenant-2,payment-66b6f68c4d-8x672,ip-192-168-189-15.us-west-2.compute.internal,payment,deployment,i-00eaf02d1e05d532a
payment-66b6f68c4d-8x8lf,2022-07-09T00:00:00Z,2022-07-10T00:00:00Z,1440.0,0.3,0.3,0.000656,7.2,0.22824,-5e-06,0.002187,0.0,0.0,0.0,0.0,63301978.900241,103205791.530401,0.0,0.0,0.0,0.0,0.0,0.0,0.0,,0.0,524288000.0,524288000.0,10043676.444444,12582912000.0,0.049793,-1e-06,0.019157,0.0,0.0,0.278027,0.005226,,cluster-two,payment,tenant-2,payment-66b6f68c4d-8x8lf,ip-192-168-128-109.us-west-2.compute.internal,payment,deployment,i-0b950d88c27dbfbe5
payment-66b6f68c4d-c8plq,2022-07-09T00:00:00Z,2022-07-10T00:00:00Z,1440.0,0.3,0.3,0.000671,7.2,0.22824,-5e-06,0.002238,0.0,0.0,0.0,0.0,63143649.377723,102606956.736349,0.0,0.0,0.0,0.0,0.0,0.0,0.0,,0.0,524288000.0,524288000.0,11622192.355556,12582912000.0,0.049793,-1e-06,0.022168,0.0,0.0,0.278027,0.005807,,cluster-two,payment,tenant-2,payment-66b6f68c4d-c8plq,ip-192-168-128-109.us-west-2.compute.internal,payment,deployment,i-0b950d88c27dbfbe5
payment-66b6f68c4d-dhh7r,2022-07-09T00:00:00Z,2022-07-10T00:00:00Z,1440.0,0.3,0.3,0.000553,7.2,0.229068,6e-06,0.001842,0.0,0.0,0.0,0.0,58144796.600126,87936719.710709,0.0,0.0,0.0,0.0,0.0,0.0,0.0,,0.0,524288000.0,524288000.0,9528288.711111,12582912000.0,0.049969,1e-06,0.018174,0.0,0.0,0.279045,0.004767,,cluster-two,payment,tenant-2,payment-66b6f68c4d-dhh7r,ip-192-168-121-154.us-west-2.compute.internal,payment,deployment,i-0d68f38a5d45f95cb
payment-66b6f68c4d-hqmqc,2022-07-09T00:00:00Z,2022-07-10T00:00:00Z,1440.0,0.3,0.3,0.000632,7.2,0.229068,6e-06,0.002105,0.0,0.0,0.0,0.0,59318324.737335,91958050.525346,0.0,0.0,0.0,0.0,0.0,0.0,0.0,,0.0,524288000.0,524288000.0,9783256.595869,12582912000.0,0.049969,1e-06,0.01866,0.0,0.0,0.279045,0.00507,,cluster-two,payment,tenant-2,payment-66b6f68c4d-hqmqc,ip-192-168-121-107.us-west-2.compute.internal,payment,deployment,i-00868067998526003
payment-66b6f68c4d-khlnj,2022-07-09T00:00:00Z,2022-07-10T00:00:00Z,1440.0,0.3,0.3,0.000934,7.2,0.229068,6e-06,0.003114,0.0,0.0,0.0,0.0,91727618.923918,181339455.597804,0.0,0.0,0.0,0.0,0.0,0.0,0.0,,0.0,524288000.0,524288000.0,11355465.955556,12582912000.0,0.049969,1e-06,0.021659,0.0,0.0,0.279045,0.006435,,cluster-two,payment,tenant-1,payment-66b6f68c4d-khlnj,ip-192-168-121-154.us-west-2.compute.internal,payment,deployment,i-0d68f38a5d45f95cb
payment-66b6f68c4d-pwhzj,2022-07-09T00:00:00Z,2022-07-10T00:00:00Z,1440.0,0.3,0.3,0.000651,7.2,0.22824,-5e-06,0.00217,0.0,0.0,0.0,0.0,61420682.204866,97217308.998876,0.0,0.0,0.0,0.0,0.0,0.0,0.0,,0.0,524288000.0,524288000.0,9169243.022222,12582912000.0,0.049793,-1e-06,0.017489,0.0,0.0,0.278027,0.004913,,cluster-two,payment,tenant-2,payment-66b6f68c4d-pwhzj,ip-192-168-144-20.us-west-2.compute.internal,payment,deployment,i-02c1f70d488b79374
payment-66b6f68c4d-rfgjw,2022-07-09T00:00:00Z,2022-07-10T00:00:00Z,1440.0,0.3,0.3,0.001157,7.2,0.22824,-5e-06,0.003857,0.0,0.0,0.0,0.0,103785276.830342,216022040.648853,0.0,0.0,0.0,0.0,0.0,0.0,0.0,,0.0,524288000.0,524288000.0,10949313.422222,12582912000.0,0.049793,-1e-06,0.020884,0.0,0.0,0.278027,0.006907,,cluster-two,payment,tenant-1,payment-66b6f68c4d-rfgjw,ip-192-168-128-109.us-west-2.compute.internal,payment,deployment,i-0b950d88c27dbfbe5
payment-66b6f68c4d-zw4nw,2022-07-09T00:00:00Z,2022-07-10T00:00:00Z,1440.0,0.3,0.3,0.000642,7.2,0.22824,-5e-06,0.002139,0.0,0.0,0.0,0.0,59443562.067753,92017283.359188,0.0,0.0,0.0,0.0,0.0,0.0,0.0,,0.0,524288000.0,524288000.0,10579712.0,12582912000.0,0.049793,-1e-06,0.020179,0.0,0.0,0.278027,0.00537,,cluster-two,payment,tenant-2,payment-66b6f68c4d-zw4nw,ip-192-168-144-20.us-west-2.compute.internal,payment,deployment,i-02c1f70d488b79374
queue-master-5f6d6d4796-hm2hl,2022-07-09T00:00:00Z,2022-07-10T00:00:00Z,1440.0,0.1,0.1,0.008183,2.4,0.076356,2e-06,0.081829,0.0,0.0,0.0,0.0,61078502.999248,271969337.726981,0.0,0.0,0.0,0.0,0.0,0.0,0.0,,0.0,314572800.0,314572800.0,298717778.488889,7549747200.0,0.029981,1e-06,0.949598,0.0,0.0,0.10634,0.326492,,cluster-two,queue-master,tenant-1,queue-master-5f6d6d4796-hm2hl,ip-192-168-166-7.us-west-2.compute.internal,queue-master,deployment,i-0406c6f0eae2396f6
queue-master-5f6d6d4796-zzw9x,2022-07-09T00:00:00Z,2022-07-10T00:00:00Z,1440.0,0.1,0.1,0.007206,2.4,0.076356,2e-06,0.072064,0.0,0.0,0.0,0.0,60224152.1947,268032785.973883,0.0,0.0,0.0,0.0,0.0,0.0,0.0,,0.0,314572800.0,314572800.0,312001965.511111,7549747200.0,0.029981,1e-06,0.991828,0.0,0.0,0.10634,0.331386,,cluster-two,queue-master,tenant-2,queue-master-5f6d6d4796-zzw9x,ip-192-168-121-154.us-west-2.compute.internal,queue-master,deployment,i-0d68f38a5d45f95cb
rabbitmq-794dcf49b5-5jwmw,2022-07-09T00:00:00Z,2022-07-10T00:00:00Z,1440.0,0.1,0.1,0.013703,2.400009,0.076356,2e-06,0.137029,0.0,0.0,0.0,0.0,316283421.510359,260002678.187957,0.0,0.0,0.0,0.0,0.0,0.0,0.0,,0.0,319624988.444444,314572800.0,101483876.942608,7670999722.666667,0.030463,1e-06,0.322609,0.0,0.0,0.106822,0.189953,,cluster-two,,tenant-1,rabbitmq-794dcf49b5-5jwmw,ip-192-168-121-107.us-west-2.compute.internal,rabbitmq,deployment,i-00868067998526003
rabbitmq-794dcf49b5-z8hhf,2022-07-09T00:00:00Z,2022-07-10T00:00:00Z,1440.0,0.1,0.1,0.013195,2.400008,0.076356,2e-06,0.131951,0.0,0.0,0.0,0.0,312024394.831341,256567676.605654,0.0,0.0,0.0,0.0,0.0,0.0,0.0,,0.0,319237600.711111,314572800.0,104998661.688889,7661702417.066667,0.030426,1e-06,0.333782,0.0,0.0,0.106785,0.189459,,cluster-two,,tenant-2,rabbitmq-794dcf49b5-z8hhf,ip-192-168-166-7.us-west-2.compute.internal,rabbitmq,deployment,i-0406c6f0eae2396f6
session-db-b87b8d895-8hpzh,2022-07-09T00:00:00Z,2022-07-10T00:00:00Z,1440.0,0.1,0.1,0.006395,2.4,0.076356,2e-06,0.063954,0.0,0.0,0.0,0.0,1045964026.934783,1563065340.489531,0.0,0.0,0.0,0.0,0.0,0.0,0.0,,0.0,314572800.0,314572800.0,61941373.155556,7549747200.0,0.029981,1e-06,0.196906,0.0,0.0,0.10634,0.101439,,cluster-two,session-db,tenant-1,session-db-b87b8d895-8hpzh,ip-192-168-121-154.us-west-2.compute.internal,session-db,deployment,i-0d68f38a5d45f95cb
session-db-b87b8d895-gdtvq,2022-07-09T00:00:00Z,2022-07-10T00:00:00Z,1440.0,0.1,0.1,0.007656,2.4,0.07608,-2e-06,0.076559,0.0,0.0,0.0,0.0,1049225597.013129,1615558165.822019,0.0,0.0,0.0,0.0,0.0,0.0,0.0,,0.0,314572800.0,314572800.0,62102018.844444,7549747200.0,0.029876,-1e-06,0.197417,0.0,0.0,0.105954,0.110636,,cluster-two,session-db,tenant-2,session-db-b87b8d895-gdtvq,ip-192-168-144-20.us-west-2.compute.internal,session-db,deployment,i-02c1f70d488b79374
shipping-54d889d969-2qw9t,2022-07-09T00:00:00Z,2022-07-10T00:00:00Z,1440.0,0.3,0.3,0.002187,7.2,0.229068,6e-06,0.00729,0.0,0.0,0.0,0.0,110827161.949507,99793278.113085,0.0,0.0,0.0,0.0,0.0,0.0,0.0,,0.0,524288000.0,524288000.0,296998126.48837,12582912000.0,0.049969,1e-06,0.566479,0.0,0.0,0.279045,0.107427,,cluster-two,shipping,tenant-2,shipping-54d889d969-2qw9t,ip-192-168-121-107.us-west-2.compute.internal,shipping,deployment,i-00868067998526003
shipping-54d889d969-4xqbb,2022-07-09T00:00:00Z,2022-07-10T00:00:00Z,1440.0,0.3,0.3,0.003068,7.2,0.22824,-5e-06,0.010226,0.0,0.0,0.0,0.0,176751913.902962,165438373.920914,0.0,0.0,0.0,0.0,0.0,0.0,0.0,,0.0,524288000.0,524288000.0,296057247.288889,12582912000.0,0.049793,-1e-06,0.564684,0.0,0.0,0.278027,0.109524,,cluster-two,shipping,tenant-1,shipping-54d889d969-4xqbb,ip-192-168-128-109.us-west-2.compute.internal,shipping,deployment,i-0b950d88c27dbfbe5
shipping-54d889d969-f5q4f,2022-07-09T00:00:00Z,2022-07-10T00:00:00Z,1440.0,0.3,0.3,0.002133,7.2,0.229068,6e-06,0.007111,0.0,0.0,0.0,0.0,108450887.369981,97428686.013002,0.0,0.0,0.0,0.0,0.0,0.0,0.0,,0.0,524288000.0,524288000.0,297710600.533333,12582912000.0,0.049969,1e-06,0.567838,0.0,0.0,0.279045,0.107524,,cluster-two,shipping,tenant-2,shipping-54d889d969-f5q4f,ip-192-168-166-7.us-west-2.compute.internal,shipping,deployment,i-0406c6f0eae2396f6
shipping-54d889d969-j8d84,2022-07-09T00:00:00Z,2022-07-10T00:00:00Z,1440.0,0.3,0.3,0.00208,7.2,0.22824,-5e-06,0.006932,0.0,0.0,0.0,0.0,109264570.843976,98118928.979497,0.0,0.0,0.0,0.0,0.0,0.0,0.0,,0.0,524288000.0,524288000.0,299564369.459072,12582912000.0,0.049793,-1e-06,0.571374,0.0,0.0,0.278027,0.108018,,cluster-two,shipping,tenant-2,shipping-54d889d969-j8d84,ip-192-168-189-15.us-west-2.compute.internal,shipping,deployment,i-00eaf02d1e05d532a
shipping-54d889d969-m6g2h,2022-07-09T00:00:00Z,2022-07-10T00:00:00Z,1440.0,0.3,0.3,0.002643,7.2,0.229068,6e-06,0.008809,0.0,0.0,0.0,0.0,166451286.342362,155794575.303398,0.0,0.0,0.0,0.0,0.0,0.0,0.0,,0.0,524288000.0,524288000.0,299100441.6,12582912000.0,0.049969,1e-06,0.570489,0.0,0.0,0.279045,0.109392,,cluster-two,shipping,tenant-1,shipping-54d889d969-m6g2h,ip-192-168-121-154.us-west-2.compute.internal,shipping,deployment,i-0d68f38a5d45f95cb
shipping-54d889d969-q5psv,2022-07-09T00:00:00Z,2022-07-10T00:00:00Z,1440.0,0.3,0.3,0.002082,7.2,0.229068,6e-06,0.006941,0.0,0.0,0.0,0.0,122856660.657341,110746435.736693,0.0,0.0,0.0,0.0,0.0,0.0,0.0,,0.0,524288000.0,524288000.0,293480507.733333,12582912000.0,0.049969,1e-06,0.55977,0.0,0.0,0.279045,0.10594,,cluster-two,shipping,tenant-2,shipping-54d889d969-q5psv,ip-192-168-121-154.us-west-2.compute.internal,shipping,deployment,i-0d68f38a5d45f95cb
shipping-54d889d969-s6tg6,2022-07-09T00:00:00Z,2022-07-10T00:00:00Z,1440.0,0.3,0.3,0.002162,7.2,0.22824,-5e-06,0.007205,0.0,0.0,0.0,0.0,117053651.424828,105520960.409538,0.0,0.0,0.0,0.0,0.0,0.0,0.0,,0.0,524288000.0,524288000.0,298027599.644444,12582912000.0,0.049793,-1e-06,0.568443,0.0,0.0,0.278027,0.107717,,cluster-two,shipping,tenant-2,shipping-54d889d969-s6tg6,ip-192-168-128-109.us-west-2.compute.internal,shipping,deployment,i-0b950d88c27dbfbe5
shipping-54d889d969-w6zhd,2022-07-09T00:00:00Z,2022-07-10T00:00:00Z,1440.0,0.3,0.3,0.002204,7.2,0.229068,6e-06,0.007348,0.0,0.0,0.0,0.0,111228530.192757,100095943.022686,0.0,0.0,0.0,0.0,0.0,0.0,0.0,,0.0,524288000.0,524288000.0,297863918.933333,12582912000.0,0.049969,1e-06,0.56813,0.0,0.0,0.279045,0.10777,,cluster-two,shipping,tenant-2,shipping-54d889d969-w6zhd,ip-192-168-121-107.us-west-2.compute.internal,shipping,deployment,i-00868067998526003
shipping-54d889d969-z4pwx,2022-07-09T00:00:00Z,2022-07-10T00:00:00Z,1440.0,0.3,0.3,0.002824,7.2,0.229068,6e-06,0.009414,0.0,0.0,0.0,0.0,158717897.76886,148941971.975527,0.0,0.0,0.0,0.0,0.0,0.0,0.0,,0.0,524288000.0,524288000.0,296613287.822222,12582912000.0,0.049969,1e-06,0.565745,0.0,0.0,0.279045,0.10904,,cluster-two,shipping,tenant-1,shipping-54d889d969-z4pwx,ip-192-168-166-7.us-west-2.compute.internal,shipping,deployment,i-0406c6f0eae2396f6
shipping-54d889d969-zrfph,2022-07-09T00:00:00Z,2022-07-10T00:00:00Z,1440.0,0.3,0.3,0.002872,7.2,0.229068,6e-06,0.009573,0.0,0.0,0.0,0.0,155525889.567798,145859170.035236,0.0,0.0,0.0,0.0,0.0,0.0,0.0,,0.0,524288000.0,524288000.0,298099313.02142,12582912000.0,0.049969,1e-06,0.568579,0.0,0.0,0.279045,0.109678,,cluster-two,shipping,tenant-1,shipping-54d889d969-zrfph,ip-192-168-121-107.us-west-2.compute.internal,shipping,deployment,i-00868067998526003
user-6dfd458b78-d55xv,2022-07-09T00:00:00Z,2022-07-10T00:00:00Z,1440.0,0.3,0.3,0.010853,7.2,0.229068,6e-06,0.036177,0.0,0.0,0.0,0.0,1826572512.28289,1827724160.882186,0.0,0.0,0.0,0.0,0.0,0.0,0.0,,0.0,524288000.0,524288000.0,12107630.933333,12582912000.0,0.049969,1e-06,0.023093,0.0,0.0,0.279045,0.033834,,cluster-two,user,tenant-1,user-6dfd458b78-d55xv,ip-192-168-121-154.us-west-2.compute.internal,user,deployment,i-0d68f38a5d45f95cb
user-6dfd458b78-f82w9,2022-07-09T00:00:00Z,2022-07-10T00:00:00Z,1440.0,0.3,0.3,0.042325,7.2,0.22824,-5e-06,0.141084,0.0,0.0,0.0,0.0,7089477995.82506,7406256306.195959,0.0,0.0,0.0,0.0,0.0,0.0,0.0,,0.0,524288000.0,524288000.0,14548664.725288,12582912000.0,0.049793,-1e-06,0.027749,0.0,0.0,0.278027,0.120787,,cluster-two,user,tenant-2,user-6dfd458b78-f82w9,ip-192-168-189-15.us-west-2.compute.internal,user,deployment,i-00eaf02d1e05d532a
user-6dfd458b78-rz5q4,2022-07-09T00:00:00Z,2022-07-10T00:00:00Z,1440.0,0.3,0.3,0.012372,7.2,0.22824,-5e-06,0.041239,0.0,0.0,0.0,0.0,1858862259.206105,1842136937.897444,0.0,0.0,0.0,0.0,0.0,0.0,0.0,,0.0,524288000.0,524288000.0,11685572.266667,12582912000.0,0.049793,-1e-06,0.022288,0.0,0.0,0.278027,0.037845,,cluster-two,user,tenant-1,user-6dfd458b78-rz5q4,ip-192-168-144-20.us-west-2.compute.internal,user,deployment,i-02c1f70d488b79374
user-6dfd458b78-t6nm4,2022-07-09T00:00:00Z,2022-07-10T00:00:00Z,1440.0,0.3,0.3,0.011634,7.2,0.22824,-5e-06,0.03878,0.0,0.0,0.0,0.0,1818647228.552797,1834842875.688702,0.0,0.0,0.0,0.0,0.0,0.0,0.0,,0.0,524288000.0,524288000.0,13460599.490377,12582912000.0,0.049793,-1e-06,0.025674,0.0,0.0,0.278027,0.036433,,cluster-two,user,tenant-1,user-6dfd458b78-t6nm4,ip-192-168-189-15.us-west-2.compute.internal,user,deployment,i-00eaf02d1e05d532a
user-6dfd458b78-xhfcx,2022-07-09T00:00:00Z,2022-07-10T00:00:00Z,1440.0,0.3,0.3,0.01228,7.2,0.229068,6e-06,0.040934,0.0,0.0,0.0,0.0,1823504847.799943,1842645474.131661,0.0,0.0,0.0,0.0,0.0,0.0,0.0,,0.0,524288000.0,524288000.0,12866099.2,12582912000.0,0.049969,1e-06,0.02454,0.0,0.0,0.279045,0.037998,,cluster-two,user,tenant-1,user-6dfd458b78-xhfcx,ip-192-168-166-7.us-west-2.compute.internal,user,deployment,i-0406c6f0eae2396f6
user-db-54f7fc75-vnhlf,2022-07-09T00:00:00Z,2022-07-10T00:00:00Z,1440.0,0.1,0.1,0.015626,2.4,0.07608,-2e-06,0.156262,0.0,0.0,0.0,0.0,4799305157.808016,3456164327.958924,0.0,0.0,0.0,0.0,0.0,0.0,0.0,,0.0,314572800.0,314572800.0,38642736.355556,7549747200.0,0.029876,-1e-06,0.122842,0.0,0.0,0.105954,0.146839,,cluster-two,user-db,tenant-1,user-db-54f7fc75-vnhlf,ip-192-168-128-109.us-west-2.compute.internal,user-db,deployment,i-0b950d88c27dbfbe5
user-db-54f7fc75-wprwz,2022-07-09T00:00:00Z,2022-07-10T00:00:00Z,1440.0,0.1,0.1,0.017081,2.4,0.07608,-2e-06,0.170805,0.0,0.0,0.0,0.0,4936596427.575683,3329089711.05191,0.0,0.0,0.0,0.0,0.0,0.0,0.0,,0.0,314572800.0,314572800.0,37101320.533333,7549747200.0,0.029876,-1e-06,0.117942,0.0,0.0,0.105954,0.1559,,cluster-two,user-db,tenant-2,user-db-54f7fc75-wprwz,ip-192-168-144-20.us-west-2.compute.internal,user-db,deployment,i-02c1f70d488b79374
